{
  "counts": {
    "TP": 16,
    "TN": 1,
    "FP": 19,
    "FN": 0,
    "Total": 36
  },
  "Accuracy": 0.4722222222222222,
  "Precision": 0.45714285714285713,
  "Recall": 1.0,
  "F1": 0.6274509803921569,
  "MCC": 0.15118578920369088
}