{
  "RMSE": 0.06014282849668785,
  "AIC": -196.3943810873245,
  "BIC": -191.64382427195616,
  "R2": -0.5258745679147057,
  "R2_Adjusted": -0.6689253086567093,
  "RMSE_failures": 0.0805778458614584,
  "mean_logprob_total": 13.537300876829864,
  "LOO": 5.311499363375932,
  "WAIC": 5.674498625864748
}