model,safe_name,N,TP,TN,FP,FN,Accuracy,Precision,Recall,F1,MCC
sellmeijer,sellmeijer,36,7,13,7,9,0.5555555555555556,0.5,0.4375,0.4666666666666667,0.08918825850158447
Bligh,Bligh,36,9,8,12,7,0.4722222222222222,0.42857142857142855,0.5625,0.4864864864864865,-0.03779644730092272
schmertmann,schmertmann,36,4,18,2,12,0.6111111111111112,0.6666666666666666,0.25,0.36363636363636365,0.2
sd,sd,36,14,3,17,2,0.4722222222222222,0.45161290322580644,0.875,0.5957446808510638,0.03592106040535498
