model,safe_name,N_dH_all,RMSE_dH_all,AIC_dH_all,BIC_dH_all,R2_dH_all,R2adj_dH_all,N_dH_fail,RMSE_dH_fail,AIC_dH_fail,BIC_dH_fail,R2_dH_fail,R2adj_dH_fail,N_ic_all,RMSE_ic_all,AIC_ic_all,BIC_ic_all,R2_ic_all,R2adj_ic_all,N_ic_fail,RMSE_ic_fail,AIC_ic_fail,BIC_ic_fail,R2_ic_fail,R2adj_ic_fail
sellmeijer,sellmeijer,36,3.808817053569005,106.28694325365188,114.20453794593243,-4.347116902869595,-5.2383030533478605,16,2.6436376541092077,41.10898777631766,44.97193138751656,-0.6670694782745978,-1.5006042174118965,36,0.05293461474767853,-201.58624239564702,-193.66864770336647,-0.18203585424046254,-0.37904182994720625,16,0.06744527575281539,-76.28603966433727,-72.42309605313837,-0.15860483825864313,-0.7379072573879646
Bligh,Bligh,36,3.0238686360903095,83.67066521877258,86.8377030956848,-2.370274652307353,-2.574533722144162,16,2.6874716119660604,35.635226573075826,37.18040401755539,-0.7228109090259096,-0.9878587411837418,36,0.04743058734307108,-215.4911328178061,-212.32409494089387,0.05099578365156787,-0.006519623399852126,16,0.06649152914489602,-82.7417830628407,-81.19660561836113,-0.1260687596006338,-0.29931010723150053
schmertmann,schmertmann,36,6.248079112772316,139.92373336779167,146.2578091216161,-13.38906230038438,-15.245715500433977,16,6.050749036544892,65.60582630632258,68.69618119528171,-7.733093759937653,-10.908764218096799,36,0.07506301822202785,-178.43876382102087,-172.10468806719643,-1.3768577056295603,-1.6835490224849874,16,0.08716238948521718,-70.07943533927798,-66.98908045031885,-0.9350425694208238,-1.638694412846578
sd,sd,36,3.00100316685477,89.12415676414055,97.0417514564211,-2.3194976121545965,-2.8727472141803627,16,3.5632933771110133,50.66192714071147,54.52487075191038,-2.028677306799232,-3.543015960198848,36,0.07100207927363426,-180.4433204114353,-172.52572571915476,-1.1266365358890038,-1.4810759585371711,16,0.09434866914437673,-65.54425960912197,-61.68131599792306,-1.2672730483677008,-2.4009095725515515
